project,location
ABMI Ecosystem Health 2015,2-NE
ABMI Ecosystem Health 2015,2-NW
ABMI Ecosystem Health 2015,2-SE
ABMI Ecosystem Health 2015,2-SW
ABMI Ecosystem Health 2015,3-NE
ABMI Ecosystem Health 2015,3-NW
ABMI Ecosystem Health 2015,857-SW
ABMI Ecosystem Health 2015,3-SE
ABMI Ecosystem Health 2015,3-SW
ABMI Ecosystem Health 2015,13-NE
ABMI Ecosystem Health 2015,13-SW
ABMI Ecosystem Health 2015,14-NE
ABMI Ecosystem Health 2015,14-NW
ABMI Ecosystem Health 2015,14-SE
ABMI Ecosystem Health 2015,14-SW
ABMI Ecosystem Health 2015,15-NE
ABMI Ecosystem Health 2015,15-NW
ABMI Ecosystem Health 2015,15-SE
ABMI Ecosystem Health 2015,15-SW
ABMI Ecosystem Health 2015,32-NE
ABMI Ecosystem Health 2015,33-NE
ABMI Ecosystem Health 2015,33-NW
ABMI Ecosystem Health 2015,33-SE
ABMI Ecosystem Health 2015,33-SW
ABMI Ecosystem Health 2015,34-NE
ABMI Ecosystem Health 2015,34-NW
ABMI Ecosystem Health 2015,34-SE
ABMI Ecosystem Health 2015,234-SE
ABMI Ecosystem Health 2015,235-NE
ABMI Ecosystem Health 2015,235-NW
ABMI Ecosystem Health 2015,235-SE
ABMI Ecosystem Health 2015,235-SW
ABMI Ecosystem Health 2015,236-NE
ABMI Ecosystem Health 2015,236-NW
ABMI Ecosystem Health 2015,236-SE
ABMI Ecosystem Health 2015,236-SW
ABMI Ecosystem Health 2015,264-NE
ABMI Ecosystem Health 2015,264-NW
ABMI Ecosystem Health 2015,264-SE
ABMI Ecosystem Health 2015,264-SW
ABMI Ecosystem Health 2015,265-NE
ABMI Ecosystem Health 2015,265-NW
ABMI Ecosystem Health 2015,265-SE
ABMI Ecosystem Health 2015,265-SW
ABMI Ecosystem Health 2015,266-NE
ABMI Ecosystem Health 2015,266-NW
ABMI Ecosystem Health 2015,266-SE
ABMI Ecosystem Health 2015,266-SW
ABMI Ecosystem Health 2015,294-NE
ABMI Ecosystem Health 2015,294-NW
ABMI Ecosystem Health 2015,294-SE
ABMI Ecosystem Health 2015,294-SW
ABMI Ecosystem Health 2015,295-NE
ABMI Ecosystem Health 2015,295-NW
ABMI Ecosystem Health 2015,295-SE
ABMI Ecosystem Health 2015,295-SW
ABMI Ecosystem Health 2015,296-NE
ABMI Ecosystem Health 2015,296-NW
ABMI Ecosystem Health 2015,296-SE
ABMI Ecosystem Health 2015,296-SW
ABMI Ecosystem Health 2015,329-NE
ABMI Ecosystem Health 2015,329-NW
ABMI Ecosystem Health 2015,329-SE
ABMI Ecosystem Health 2015,329-SW
ABMI Ecosystem Health 2015,330-NE
ABMI Ecosystem Health 2015,330-NW
ABMI Ecosystem Health 2015,330-SE
ABMI Ecosystem Health 2015,330-SW
ABMI Ecosystem Health 2015,331-NE
ABMI Ecosystem Health 2015,331-NW
ABMI Ecosystem Health 2015,331-SE
ABMI Ecosystem Health 2015,331-SW
ABMI Ecosystem Health 2015,358-NE
ABMI Ecosystem Health 2015,358-NW
ABMI Ecosystem Health 2015,358-SE
ABMI Ecosystem Health 2015,358-SW
ABMI Ecosystem Health 2015,359-NE
ABMI Ecosystem Health 2015,359-NW
ABMI Ecosystem Health 2015,359-SE
ABMI Ecosystem Health 2015,359-SW
ABMI Ecosystem Health 2015,360-NE
ABMI Ecosystem Health 2015,360-NW
ABMI Ecosystem Health 2015,360-SE
ABMI Ecosystem Health 2015,360-SW
ABMI Ecosystem Health 2015,388-NE
ABMI Ecosystem Health 2015,388-NW
ABMI Ecosystem Health 2015,388-SE
ABMI Ecosystem Health 2015,388-SW
ABMI Ecosystem Health 2015,389-NE
ABMI Ecosystem Health 2015,389-NW
ABMI Ecosystem Health 2015,389-SE
ABMI Ecosystem Health 2015,389-SW
ABMI Ecosystem Health 2015,390-NE
ABMI Ecosystem Health 2015,390-NW
ABMI Ecosystem Health 2015,390-SE
ABMI Ecosystem Health 2015,412-NE
ABMI Ecosystem Health 2015,412-NW
ABMI Ecosystem Health 2015,412-SE
ABMI Ecosystem Health 2015,412-SW
ABMI Ecosystem Health 2015,413-NE
ABMI Ecosystem Health 2015,413-NW
ABMI Ecosystem Health 2015,413-SE
ABMI Ecosystem Health 2015,413-SW
ABMI Ecosystem Health 2015,414-NE
ABMI Ecosystem Health 2015,414-NW
ABMI Ecosystem Health 2015,414-SE
ABMI Ecosystem Health 2015,414-SW
ABMI Ecosystem Health 2015,442-NE
ABMI Ecosystem Health 2015,442-NW
ABMI Ecosystem Health 2015,442-SE
ABMI Ecosystem Health 2015,442-SW
ABMI Ecosystem Health 2015,443-NE
ABMI Ecosystem Health 2015,443-NW
ABMI Ecosystem Health 2015,443-SE
ABMI Ecosystem Health 2015,443-SW
ABMI Ecosystem Health 2015,444-NE
ABMI Ecosystem Health 2015,444-NW
ABMI Ecosystem Health 2015,444-SE
ABMI Ecosystem Health 2015,472-NW
ABMI Ecosystem Health 2015,472-SE
ABMI Ecosystem Health 2015,472-SW
ABMI Ecosystem Health 2015,473-NE
ABMI Ecosystem Health 2015,473-NW
ABMI Ecosystem Health 2015,473-SE
ABMI Ecosystem Health 2015,473-SW
ABMI Ecosystem Health 2015,474-NE
ABMI Ecosystem Health 2015,474-NW
ABMI Ecosystem Health 2015,474-SE
ABMI Ecosystem Health 2015,474-SW
ABMI Ecosystem Health 2015,512-NE
ABMI Ecosystem Health 2015,512-NW
ABMI Ecosystem Health 2015,512-SE
ABMI Ecosystem Health 2015,512-SW
ABMI Ecosystem Health 2015,514-NE
ABMI Ecosystem Health 2015,514-NW
ABMI Ecosystem Health 2015,514-SE
ABMI Ecosystem Health 2015,514-SW
ABMI Ecosystem Health 2015,543-NE
ABMI Ecosystem Health 2015,543-NW
ABMI Ecosystem Health 2015,543-SE
ABMI Ecosystem Health 2015,543-SW
ABMI Ecosystem Health 2015,544-NE
ABMI Ecosystem Health 2015,544-NW
ABMI Ecosystem Health 2015,544-SE
ABMI Ecosystem Health 2015,544-SW
ABMI Ecosystem Health 2015,545-NW
ABMI Ecosystem Health 2015,545-SW
ABMI Ecosystem Health 2015,574-NE
ABMI Ecosystem Health 2015,574-NW
ABMI Ecosystem Health 2015,574-SE
ABMI Ecosystem Health 2015,574-SW
ABMI Ecosystem Health 2015,575-NE
ABMI Ecosystem Health 2015,575-NW
ABMI Ecosystem Health 2015,575-SE
ABMI Ecosystem Health 2015,575-SW
ABMI Ecosystem Health 2015,576-NE
ABMI Ecosystem Health 2015,576-NW
ABMI Ecosystem Health 2015,576-SE
ABMI Ecosystem Health 2015,576-SW
ABMI Ecosystem Health 2015,599-NE
ABMI Ecosystem Health 2015,599-NW
ABMI Ecosystem Health 2015,599-SE
ABMI Ecosystem Health 2015,599-SW
ABMI Ecosystem Health 2015,600-NE
ABMI Ecosystem Health 2015,600-NW
ABMI Ecosystem Health 2015,600-SE
ABMI Ecosystem Health 2015,600-SW
ABMI Ecosystem Health 2015,601-NE
ABMI Ecosystem Health 2015,601-NW
ABMI Ecosystem Health 2015,601-SE
ABMI Ecosystem Health 2015,601-SW
ABMI Ecosystem Health 2015,631-NE
ABMI Ecosystem Health 2015,631-SE
ABMI Ecosystem Health 2015,631-SW
ABMI Ecosystem Health 2015,632-NW
ABMI Ecosystem Health 2015,632-SE
ABMI Ecosystem Health 2015,632-SW
ABMI Ecosystem Health 2015,633-NE
ABMI Ecosystem Health 2015,633-NW
ABMI Ecosystem Health 2015,633-SE
ABMI Ecosystem Health 2015,633-SW
ABMI Ecosystem Health 2015,663-NE
ABMI Ecosystem Health 2015,663-NW
ABMI Ecosystem Health 2015,663-SE
ABMI Ecosystem Health 2015,663-SW
ABMI Ecosystem Health 2015,664-NE
ABMI Ecosystem Health 2015,664-NW
ABMI Ecosystem Health 2015,664-SE
ABMI Ecosystem Health 2015,664-SW
ABMI Ecosystem Health 2015,665-NE
ABMI Ecosystem Health 2015,665-NW
ABMI Ecosystem Health 2015,665-SE
ABMI Ecosystem Health 2015,665-SW
ABMI Ecosystem Health 2015,791-NE
ABMI Ecosystem Health 2015,791-NW
ABMI Ecosystem Health 2015,791-SE
ABMI Ecosystem Health 2015,791-SW
ABMI Ecosystem Health 2015,792-NE
ABMI Ecosystem Health 2015,792-NW
ABMI Ecosystem Health 2015,792-SE
ABMI Ecosystem Health 2015,792-SW
ABMI Ecosystem Health 2015,793-NE
ABMI Ecosystem Health 2015,793-NW
ABMI Ecosystem Health 2015,793-SE
ABMI Ecosystem Health 2015,793-SW
ABMI Ecosystem Health 2015,794-NE
ABMI Ecosystem Health 2015,794-NW
ABMI Ecosystem Health 2015,794-SE
ABMI Ecosystem Health 2015,794-SW
ABMI Ecosystem Health 2015,823-NE
ABMI Ecosystem Health 2015,823-NW
ABMI Ecosystem Health 2015,823-SE
ABMI Ecosystem Health 2015,823-SW
ABMI Ecosystem Health 2015,824-SE
ABMI Ecosystem Health 2015,824-SW
ABMI Ecosystem Health 2015,825-NE
ABMI Ecosystem Health 2015,825-NW
ABMI Ecosystem Health 2015,825-SE
ABMI Ecosystem Health 2015,825-SW
ABMI Ecosystem Health 2015,855-NE
ABMI Ecosystem Health 2015,855-NW
ABMI Ecosystem Health 2015,855-SE
ABMI Ecosystem Health 2015,855-SW
ABMI Ecosystem Health 2015,856-NE
ABMI Ecosystem Health 2015,856-NW
ABMI Ecosystem Health 2015,856-SE
ABMI Ecosystem Health 2015,856-SW
ABMI Ecosystem Health 2015,857-NE
ABMI Ecosystem Health 2015,857-NW
ABMI Ecosystem Health 2015,857-SE
ABMI Ecosystem Health 2015,989-NE
ABMI Ecosystem Health 2015,989-NW
ABMI Ecosystem Health 2015,989-SE
ABMI Ecosystem Health 2015,989-SW
ABMI Ecosystem Health 2015,990-NE
ABMI Ecosystem Health 2015,990-NW
ABMI Ecosystem Health 2015,990-SW
ABMI Ecosystem Health 2015,991-NE
ABMI Ecosystem Health 2015,991-NW
ABMI Ecosystem Health 2015,991-SE
ABMI Ecosystem Health 2015,991-SW
ABMI Ecosystem Health 2015,1022-NE
ABMI Ecosystem Health 2015,1022-NW
ABMI Ecosystem Health 2015,1022-SE
ABMI Ecosystem Health 2015,1022-SW
ABMI Ecosystem Health 2015,1023-NE
ABMI Ecosystem Health 2015,1023-NW
ABMI Ecosystem Health 2015,1023-SE
ABMI Ecosystem Health 2015,1023-SW
ABMI Ecosystem Health 2015,1024-NE
ABMI Ecosystem Health 2015,1024-NW
ABMI Ecosystem Health 2015,1024-SE
ABMI Ecosystem Health 2015,1024-SW
ABMI Ecosystem Health 2015,1056-NE
ABMI Ecosystem Health 2015,1056-NW
ABMI Ecosystem Health 2015,1056-SE
ABMI Ecosystem Health 2015,1056-SW
ABMI Ecosystem Health 2015,1057-NE
ABMI Ecosystem Health 2015,1057-NW
ABMI Ecosystem Health 2015,1057-SE
ABMI Ecosystem Health 2015,1057-SW
ABMI Ecosystem Health 2015,1058-NE
ABMI Ecosystem Health 2015,1058-NW
ABMI Ecosystem Health 2015,1058-SE
ABMI Ecosystem Health 2015,1058-SW
ABMI Ecosystem Health 2015,1-NW
ABMI Ecosystem Health 2015,1-SE
ABMI Ecosystem Health 2015,1-NE
ABMI Ecosystem Health 2015,1-SW
ABMI Ecosystem Health 2015,34-SW
ABMI Ecosystem Health 2015,444-SW
ABMI Ecosystem Health 2015,472-NE
ABMI Ecosystem Health 2015,390-SW
ABMI Ecosystem Health 2015,990-SE
ABMI Ecosystem Health 2015,631-NW
ABMI Ecosystem Health 2015,1150-NE
ABMI Ecosystem Health 2015,1150-NW
ABMI Ecosystem Health 2015,1150-SE
ABMI Ecosystem Health 2015,1150-SW
ABMI Ecosystem Health 2015,1190-NE
ABMI Ecosystem Health 2015,1190-NW
ABMI Ecosystem Health 2015,1190-SE
ABMI Ecosystem Health 2015,1190-SW
ABMI Ecosystem Health 2015,1191-NW
ABMI Ecosystem Health 2015,1191-SE
ABMI Ecosystem Health 2015,1191-SW
ABMI Ecosystem Health 2015,1192B-NE
ABMI Ecosystem Health 2015,1192B-NW
ABMI Ecosystem Health 2015,1192B-SE
ABMI Ecosystem Health 2015,1192B-SW
ABMI Ecosystem Health 2015,1252-SE
ABMI Ecosystem Health 2015,1304-SE
ABMI Ecosystem Health 2015,1493B-SE
ABMI Ecosystem Health 2015,1419-SW
ABMI Ecosystem Health 2015,1531-SE
ABMI Ecosystem Health 2015,1434-SW
ABMI Ecosystem Health 2015,1303-SE
ABMI Ecosystem Health 2015,1303-NE
ABMI Ecosystem Health 2015,1252-NW
ABMI Ecosystem Health 2015,1252-NE
ABMI Ecosystem Health 2015,1434-SE
ABMI Ecosystem Health 2015,1477-SW
ABMI Ecosystem Health 2015,1435-SE
ABMI Ecosystem Health 2015,1602-NE
ABMI Ecosystem Health 2015,1512-NW
ABMI Ecosystem Health 2015,1478-SW
ABMI Ecosystem Health 2015,1435-NW
ABMI Ecosystem Health 2015,1491-SW
ABMI Ecosystem Health 2015,1435-SW
ABMI Ecosystem Health 2015,1636-SE
ABMI Ecosystem Health 2015,1510-SW
ABMI Ecosystem Health 2015,1491-SE
ABMI Ecosystem Health 2015,1333-SE
ABMI Ecosystem Health 2015,1511-SW
ABMI Ecosystem Health 2015,1369-NW
ABMI Ecosystem Health 2015,1222-SE
ABMI Ecosystem Health 2015,1479-NE
ABMI Ecosystem Health 2015,1477-NW
ABMI Ecosystem Health 2015,1436-SW
ABMI Ecosystem Health 2015,1436-SE
ABMI Ecosystem Health 2015,1254-NE
ABMI Ecosystem Health 2015,1479-NW
ABMI Ecosystem Health 2015,1491-NE
ABMI Ecosystem Health 2015,1456-NE
ABMI Ecosystem Health 2015,1512-SE
ABMI Ecosystem Health 2015,1222-SW
ABMI Ecosystem Health 2015,1419-SE
ABMI Ecosystem Health 2015,1417-SE
ABMI Ecosystem Health 2015,1618-SW
ABMI Ecosystem Health 2015,1253-NW
ABMI Ecosystem Health 2015,1558-SW
ABMI Ecosystem Health 2015,1252-SW
ABMI Ecosystem Health 2015,1275-SW
ABMI Ecosystem Health 2015,1492-SE
ABMI Ecosystem Health 2015,1512-NE
ABMI Ecosystem Health 2015,1395-NE
ABMI Ecosystem Health 2015,1618-SE
ABMI Ecosystem Health 2015,1602-SW
ABMI Ecosystem Health 2015,1510-NW
ABMI Ecosystem Health 2015,1434-NW
ABMI Ecosystem Health 2015,1334-NE
ABMI Ecosystem Health 2015,1636-NW
ABMI Ecosystem Health 2015,1591-NE
ABMI Ecosystem Health 2015,1436-NW
ABMI Ecosystem Health 2015,1620-SW
ABMI Ecosystem Health 2015,1591-SW
ABMI Ecosystem Health 2015,1590-SE
ABMI Ecosystem Health 2015,1276-SW
ABMI Ecosystem Health 2015,1544-SE
ABMI Ecosystem Health 2015,1544-NE
ABMI Ecosystem Health 2015,1254-NW
ABMI Ecosystem Health 2015,1368-NW
ABMI Ecosystem Health 2015,1305-NW
ABMI Ecosystem Health 2015,1333-SW
ABMI Ecosystem Health 2015,1512-SW
ABMI Ecosystem Health 2015,1334-SE
ABMI Ecosystem Health 2015,1303-NW
ABMI Ecosystem Health 2015,1276-SE
ABMI Ecosystem Health 2015,1635-SW
ABMI Ecosystem Health 2015,1434-NE
ABMI Ecosystem Health 2015,1511-SE
ABMI Ecosystem Health 2015,1369-SE
ABMI Ecosystem Health 2015,1333-NE
ABMI Ecosystem Health 2015,1333-NW
ABMI Ecosystem Health 2015,1478-SE
ABMI Ecosystem Health 2015,1620-NW
ABMI Ecosystem Health 2015,1275-NW
ABMI Ecosystem Health 2015,1334-SW
ABMI Ecosystem Health 2015,1525B-SW
ABMI Ecosystem Health 2015,1419-NW
ABMI Ecosystem Health 2015,1224-SW
ABMI Ecosystem Health 2015,1275-SE
ABMI Ecosystem Health 2015,1601-NW
ABMI Ecosystem Health 2015,1526-SW
ABMI Ecosystem Health 2015,1222-NW
ABMI Ecosystem Health 2015,1477-NE
ABMI Ecosystem Health 2015,1620-SE
ABMI Ecosystem Health 2015,1303-SW
ABMI Ecosystem Health 2015,1223-NW
ABMI Ecosystem Health 2015,1492-SW
ABMI Ecosystem Health 2015,1395-NW
ABMI Ecosystem Health 2015,1332-NW
ABMI Ecosystem Health 2015,1277-NE
ABMI Ecosystem Health 2015,1254-SW
ABMI Ecosystem Health 2015,1491-NW
ABMI Ecosystem Health 2015,1394-NE
ABMI Ecosystem Health 2015,1526-SE
ABMI Ecosystem Health 2015,1305-SE
ABMI Ecosystem Health 2015,1277-SW
ABMI Ecosystem Health 2015,1253-SE
ABMI Ecosystem Health 2015,1510-NE
ABMI Ecosystem Health 2015,1511-NW
ABMI Ecosystem Health 2015,1479-SE
ABMI Ecosystem Health 2015,1276-NE
ABMI Ecosystem Health 2015,1492-NW
ABMI Ecosystem Health 2015,1395-SE
ABMI Ecosystem Health 2015,1369-NE
ABMI Ecosystem Health 2015,1223-NE
ABMI Ecosystem Health 2015,1575-SE
ABMI Ecosystem Health 2015,1224-NW
ABMI Ecosystem Health 2015,1223-SW
ABMI Ecosystem Health 2015,1417-SW
ABMI Ecosystem Health 2015,1526-NE
ABMI Ecosystem Health 2015,989-NE-B
ABMI Ecosystem Health 2015,1393-NE
ABMI Ecosystem Health 2015,1368-SW
ABMI Ecosystem Health 2015,1592-SW
ABMI Ecosystem Health 2015,1525B-NW
ABMI Ecosystem Health 2015,1557-SW
ABMI Ecosystem Health 2015,1544-SW
ABMI Ecosystem Health 2015,1478-NE
ABMI Ecosystem Health 2015,1419-NE
ABMI Ecosystem Health 2015,1370-SE
ABMI Ecosystem Health 2015,1332-SE
ABMI Ecosystem Health 2015,1418-SE
ABMI Ecosystem Health 2015,1603-NE
ABMI Ecosystem Health 2015,1601-SE
ABMI Ecosystem Health 2015,1556-NW
ABMI Ecosystem Health 2015,1618-NW
ABMI Ecosystem Health 2015,1276-NW
ABMI Ecosystem Health 2015,1418-NW
ABMI Ecosystem Health 2015,1334-NW
ABMI Ecosystem Health 2015,1525B-NE
ABMI Ecosystem Health 2015,1477-SE
ABMI Ecosystem Health 2015,1530-NE
ABMI Ecosystem Health 2015,1253-SW
ABMI Ecosystem Health 2015,990-NE-B
ABMI Ecosystem Health 2015,1305-SW
ABMI Ecosystem Health 2015,1479-SW
ABMI Ecosystem Health 2015,1418-NE
ABMI Ecosystem Health 2015,1590-NE
ABMI Ecosystem Health 2015,1368-NE
ABMI Ecosystem Health 2015,1575-NE
ABMI Ecosystem Health 2015,1394-NW
ABMI Ecosystem Health 2015,1394-SW
ABMI Ecosystem Health 2015,1395-SW
ABMI Ecosystem Health 2015,1601-NE
ABMI Ecosystem Health 2015,1531-NE
ABMI Ecosystem Health 2015,1305-NE
ABMI Ecosystem Health 2015,1458-SE
ABMI Ecosystem Health 2015,1304-NW
ABMI Ecosystem Health 2015,1493B-SW
ABMI Ecosystem Health 2015,1530-SW
ABMI Ecosystem Health 2015,1394-SE
ABMI Ecosystem Health 2015,1506-NE
ABMI Ecosystem Health 2015,1304-SW
ABMI Ecosystem Health 2015,1575-NW
ABMI Ecosystem Health 2015,1574-SW
ABMI Ecosystem Health 2015,1574-NW
ABMI Ecosystem Health 2015,1368-SE
ABMI Ecosystem Health 2015,1275-NE
ABMI Ecosystem Health 2015,1558-NE
ABMI Ecosystem Health 2015,1557-SE
ABMI Ecosystem Health 2015,1418-SW
ABMI Ecosystem Health 2015,1526-NW
ABMI Ecosystem Health 2015,1592-NW
ABMI Ecosystem Health 2015,1369-SW
ABMI Ecosystem Health 2015,1478-NW
ABMI Ecosystem Health 2015,1635-NE
ABMI Ecosystem Health 2015,1603-SE
ABMI Ecosystem Health 2015,1637-NE
ABMI Ecosystem Health 2015,1277-SE
ABMI Ecosystem Health 2015,1457-SW
ABMI Ecosystem Health 2015,1506-NW
ABMI Ecosystem Health 2015,1393-SE
ABMI Ecosystem Health 2015,1458-NE
ABMI Ecosystem Health 2015,1590-NW
ABMI Ecosystem Health 2015,1545-NE
ABMI Ecosystem Health 2015,1510-SE
ABMI Ecosystem Health 2015,1393-NW
ABMI Ecosystem Health 2015,1277-NW
ABMI Ecosystem Health 2015,1224-SE
ABMI Ecosystem Health 2015,1224-NE
ABMI Ecosystem Health 2015,1529-SW
ABMI Ecosystem Health 2015,1253-NE
ABMI Ecosystem Health 2015,1637-SW
ABMI Ecosystem Health 2015,1545-SE
ABMI Ecosystem Health 2015,1637-NW
ABMI Ecosystem Health 2015,1574-SE
ABMI Ecosystem Health 2015,1620-NE
ABMI Ecosystem Health 2015,1544-NW
ABMI Ecosystem Health 2015,1493B-NW
ABMI Ecosystem Health 2015,1573-SW
ABMI Ecosystem Health 2015,1493B-NE
ABMI Ecosystem Health 2015,1574-NE
ABMI Ecosystem Health 2015,1530-NW
ABMI Ecosystem Health 2015,1618-NE
ABMI Ecosystem Health 2015,1492-NE
ABMI Ecosystem Health 2015,1529-NE
ABMI Ecosystem Health 2015,1530-SE
ABMI Ecosystem Health 2015,1636-NE
ABMI Ecosystem Health 2015,1592-NE
ABMI Ecosystem Health 2015,1602-SE
ABMI Ecosystem Health 2015,1545-SW
ABMI Ecosystem Health 2015,1276-NW-B
ABMI Ecosystem Health 2015,1637-SE
ABMI Ecosystem Health 2015,1531-SW
ABMI Ecosystem Health 2015,1557-NE
ABMI Ecosystem Health 2015,1591-SE
ABMI Ecosystem Health 2015,1573-SE
ABMI Ecosystem Health 2015,1573-NW
ABMI Ecosystem Health 2015,1506-SW
ABMI Ecosystem Health 2015,989-SE-B
ABMI Ecosystem Health 2015,1457-SE
ABMI Ecosystem Health 2015,1417-NW
ABMI Ecosystem Health 2015,1417-NE
ABMI Ecosystem Health 2015,1591-NW
ABMI Ecosystem Health 2015,1458-SW
ABMI Ecosystem Health 2015,1457-NW
ABMI Ecosystem Health 2015,1556-SW
ABMI Ecosystem Health 2015,1529-SE
ABMI Ecosystem Health 2015,1557-NW
ABMI Ecosystem Health 2015,1222-NE
ABMI Ecosystem Health 2015,1545-NW
ABMI Ecosystem Health 2015,1635-SE
ABMI Ecosystem Health 2015,1419-NW-B
ABMI Ecosystem Health 2015,1602-NW
ABMI Ecosystem Health 2015,1531-NW
ABMI Ecosystem Health 2015,1332-SW
ABMI Ecosystem Health 2015,1436-NE
ABMI Ecosystem Health 2015,1506-SE
ABMI Ecosystem Health 2015,1525B-SE
ABMI Ecosystem Health 2015,1573-NE
ABMI Ecosystem Health 2015,1635-NW
ABMI Ecosystem Health 2015,1435-NE
ABMI Ecosystem Health 2015,1457-NE
ABMI Ecosystem Health 2015,1590-SW
ABMI Ecosystem Health 2015,1332-NE
ABMI Ecosystem Health 2015,1305-NE-B
ABMI Ecosystem Health 2015,1304-NE
ABMI Ecosystem Health 2015,1223-SE
ABMI Ecosystem Health 2015,1511-NE
ABMI Ecosystem Health 2015,1419-NE-B
ABMI Ecosystem Health 2015,1458-NW
ABMI Ecosystem Health 2015,1575-SW
ABMI Ecosystem Health 2015,1636-SW
ABMI Ecosystem Health 2015,1556-SE
ABMI Ecosystem Health 2015,1558-SE
ABMI Ecosystem Health 2015,1558-NW
ABMI Ecosystem Health 2015,1556-NE
ABMI Ecosystem Health 2015,1529-NW
ABMI Ecosystem Health 2015,1603-SW
ABMI Ecosystem Health 2015,1603-NW
ABMI Ecosystem Health 2015,1601-SW
ABMI Ecosystem Health 2015,1370-NW
ABMI Ecosystem Health 2015,1479-NW-B
ABMI Ecosystem Health 2015,1370-SW
ABMI Ecosystem Health 2015,13-SE
ABMI Ecosystem Health 2015,13-NW
ABMI Ecosystem Health 2016,890-NE
ABMI Ecosystem Health 2016,890-NW
ABMI Ecosystem Health 2016,890-SE
ABMI Ecosystem Health 2016,890-SW
ABMI Ecosystem Health 2016,891B-NE
ABMI Ecosystem Health 2016,891B-NW
ABMI Ecosystem Health 2016,891B-SE
ABMI Ecosystem Health 2016,891B-SW
ABMI Ecosystem Health 2016,892-NE
ABMI Ecosystem Health 2016,892-NW
ABMI Ecosystem Health 2016,892-SE
ABMI Ecosystem Health 2016,892-SW
ABMI Ecosystem Health 2016,923-NE
ABMI Ecosystem Health 2016,923-NW
ABMI Ecosystem Health 2016,923-SE
ABMI Ecosystem Health 2016,923-SW
ABMI Ecosystem Health 2016,63-NE
ABMI Ecosystem Health 2016,63-NW
ABMI Ecosystem Health 2016,63-SE
ABMI Ecosystem Health 2016,63-SW
ABMI Ecosystem Health 2016,65-NE
ABMI Ecosystem Health 2016,65-NW
ABMI Ecosystem Health 2016,65-SE
ABMI Ecosystem Health 2016,65-SW
ABMI Ecosystem Health 2016,91-NE
ABMI Ecosystem Health 2016,91-NW
ABMI Ecosystem Health 2016,91-SE
ABMI Ecosystem Health 2016,91-SW
ABMI Ecosystem Health 2016,92-NE
ABMI Ecosystem Health 2016,92-NW
ABMI Ecosystem Health 2016,92-SE
ABMI Ecosystem Health 2016,92-SW
ABMI Ecosystem Health 2016,93-NE
ABMI Ecosystem Health 2016,122-NE
ABMI Ecosystem Health 2016,122-NW
ABMI Ecosystem Health 2016,122-SE
ABMI Ecosystem Health 2016,122-SW
ABMI Ecosystem Health 2016,234-NE
ABMI Ecosystem Health 2016,234-NW
ABMI Ecosystem Health 2016,234-SE
ABMI Ecosystem Health 2016,234-SW
ABMI Ecosystem Health 2016,235-NE
ABMI Ecosystem Health 2016,235-NW
ABMI Ecosystem Health 2016,235-SE
ABMI Ecosystem Health 2016,235-SW
ABMI Ecosystem Health 2016,236-NE
ABMI Ecosystem Health 2016,236-NW
ABMI Ecosystem Health 2016,236-SE
ABMI Ecosystem Health 2016,236-SW
ABMI Ecosystem Health 2016,240-NE
ABMI Ecosystem Health 2016,240-NW
ABMI Ecosystem Health 2016,240-SE
ABMI Ecosystem Health 2016,240-SW
ABMI Ecosystem Health 2016,241-NE
ABMI Ecosystem Health 2016,241-NW
ABMI Ecosystem Health 2016,241-SE
ABMI Ecosystem Health 2016,241-SW
ABMI Ecosystem Health 2016,242-NE
ABMI Ecosystem Health 2016,242-NW
ABMI Ecosystem Health 2016,242-SE
ABMI Ecosystem Health 2016,242-SW
ABMI Ecosystem Health 2016,264-NE
ABMI Ecosystem Health 2016,264-NW
ABMI Ecosystem Health 2016,264-SE
ABMI Ecosystem Health 2016,264-SW
ABMI Ecosystem Health 2016,265-NE
ABMI Ecosystem Health 2016,265-NW
ABMI Ecosystem Health 2016,265-SE
ABMI Ecosystem Health 2016,265-SW
ABMI Ecosystem Health 2016,266-NE
ABMI Ecosystem Health 2016,266-NW
ABMI Ecosystem Health 2016,266-SE
ABMI Ecosystem Health 2016,266-SW
ABMI Ecosystem Health 2016,270-NE
ABMI Ecosystem Health 2016,270-NW
ABMI Ecosystem Health 2016,270-SE
ABMI Ecosystem Health 2016,270-SW
ABMI Ecosystem Health 2016,271-NE
ABMI Ecosystem Health 2016,271-NW
ABMI Ecosystem Health 2016,271-SE
ABMI Ecosystem Health 2016,271-SW
ABMI Ecosystem Health 2016,272-NE
ABMI Ecosystem Health 2016,272-NW
ABMI Ecosystem Health 2016,272-SE
ABMI Ecosystem Health 2016,272-SW
ABMI Ecosystem Health 2016,294-NE
ABMI Ecosystem Health 2016,294-NW
ABMI Ecosystem Health 2016,294-SE
ABMI Ecosystem Health 2016,294-SW
ABMI Ecosystem Health 2016,295-NE
ABMI Ecosystem Health 2016,295-NW
ABMI Ecosystem Health 2016,295-SE
ABMI Ecosystem Health 2016,295-SW
ABMI Ecosystem Health 2016,296-NE
ABMI Ecosystem Health 2016,296-NW
ABMI Ecosystem Health 2016,296-SE
ABMI Ecosystem Health 2016,296-SW
ABMI Ecosystem Health 2016,300-NE
ABMI Ecosystem Health 2016,300-NW
ABMI Ecosystem Health 2016,300-SE
ABMI Ecosystem Health 2016,300-SW
ABMI Ecosystem Health 2016,301-NE
ABMI Ecosystem Health 2016,301-NW
ABMI Ecosystem Health 2016,301-SE
ABMI Ecosystem Health 2016,301-SW
ABMI Ecosystem Health 2016,302-NE
ABMI Ecosystem Health 2016,302-NW
ABMI Ecosystem Health 2016,302-SE
ABMI Ecosystem Health 2016,302-SW
ABMI Ecosystem Health 2016,323-NE
ABMI Ecosystem Health 2016,323-NW
ABMI Ecosystem Health 2016,323-SE
ABMI Ecosystem Health 2016,323-SW
ABMI Ecosystem Health 2016,324-NE
ABMI Ecosystem Health 2016,324-NW
ABMI Ecosystem Health 2016,324-SE
ABMI Ecosystem Health 2016,324-SW
ABMI Ecosystem Health 2016,325-NE
ABMI Ecosystem Health 2016,325-NW
ABMI Ecosystem Health 2016,325-SE
ABMI Ecosystem Health 2016,325-SW
ABMI Ecosystem Health 2016,352-NE
ABMI Ecosystem Health 2016,352-NW
ABMI Ecosystem Health 2016,352-SE
ABMI Ecosystem Health 2016,352-SW
ABMI Ecosystem Health 2016,353-NE
ABMI Ecosystem Health 2016,353-NW
ABMI Ecosystem Health 2016,353-SE
ABMI Ecosystem Health 2016,353-SW
ABMI Ecosystem Health 2016,354-NE
ABMI Ecosystem Health 2016,354-NW
ABMI Ecosystem Health 2016,354-SE
ABMI Ecosystem Health 2016,354-SW
ABMI Ecosystem Health 2016,382-NE
ABMI Ecosystem Health 2016,382-NW
ABMI Ecosystem Health 2016,382-SE
ABMI Ecosystem Health 2016,382-SW
ABMI Ecosystem Health 2016,383-NE
ABMI Ecosystem Health 2016,383-NW
ABMI Ecosystem Health 2016,383-SE
ABMI Ecosystem Health 2016,383-SW
ABMI Ecosystem Health 2016,384-NE
ABMI Ecosystem Health 2016,384-NW
ABMI Ecosystem Health 2016,384-SE
ABMI Ecosystem Health 2016,384-SW
ABMI Ecosystem Health 2016,421-NE
ABMI Ecosystem Health 2016,421-NW
ABMI Ecosystem Health 2016,421-SE
ABMI Ecosystem Health 2016,421-SW
ABMI Ecosystem Health 2016,422-NE
ABMI Ecosystem Health 2016,422-NW
ABMI Ecosystem Health 2016,422-SE
ABMI Ecosystem Health 2016,422-SW
ABMI Ecosystem Health 2016,451-NE
ABMI Ecosystem Health 2016,451-NW
ABMI Ecosystem Health 2016,451-SW
ABMI Ecosystem Health 2016,452-NW
ABMI Ecosystem Health 2016,452-SE
ABMI Ecosystem Health 2016,452-SW
ABMI Ecosystem Health 2016,481-NE
ABMI Ecosystem Health 2016,482-NE
ABMI Ecosystem Health 2016,482-NW
ABMI Ecosystem Health 2016,482-SE
ABMI Ecosystem Health 2016,483-NE
ABMI Ecosystem Health 2016,483-NW
ABMI Ecosystem Health 2016,483-SE
ABMI Ecosystem Health 2016,483-SW
ABMI Ecosystem Health 2016,497-NE
ABMI Ecosystem Health 2016,497-NW
ABMI Ecosystem Health 2016,497-SE
ABMI Ecosystem Health 2016,497-SW
ABMI Ecosystem Health 2016,498-NE
ABMI Ecosystem Health 2016,498-NW
ABMI Ecosystem Health 2016,498-SE
ABMI Ecosystem Health 2016,498-SW
ABMI Ecosystem Health 2016,499-NE
ABMI Ecosystem Health 2016,499-NW
ABMI Ecosystem Health 2016,499-SE
ABMI Ecosystem Health 2016,499-SW
ABMI Ecosystem Health 2016,506-NE
ABMI Ecosystem Health 2016,506-NW
ABMI Ecosystem Health 2016,506-SE
ABMI Ecosystem Health 2016,506-SW
ABMI Ecosystem Health 2016,507-NE
ABMI Ecosystem Health 2016,507-NW
ABMI Ecosystem Health 2016,507-SE
ABMI Ecosystem Health 2016,507-SW
ABMI Ecosystem Health 2016,508-NE
ABMI Ecosystem Health 2016,508-NW
ABMI Ecosystem Health 2016,508-SW
ABMI Ecosystem Health 2016,528-NE
ABMI Ecosystem Health 2016,528-NW
ABMI Ecosystem Health 2016,528-SE
ABMI Ecosystem Health 2016,528-SW
ABMI Ecosystem Health 2016,529-NE
ABMI Ecosystem Health 2016,529-NW
ABMI Ecosystem Health 2016,529-SE
ABMI Ecosystem Health 2016,529-SW
ABMI Ecosystem Health 2016,530-NE
ABMI Ecosystem Health 2016,530-NW
ABMI Ecosystem Health 2016,530-SE
ABMI Ecosystem Health 2016,530-SW
ABMI Ecosystem Health 2016,537-NE
ABMI Ecosystem Health 2016,537-NW
ABMI Ecosystem Health 2016,537-SE
ABMI Ecosystem Health 2016,537-SW
ABMI Ecosystem Health 2016,538-NE
ABMI Ecosystem Health 2016,538-NW
ABMI Ecosystem Health 2016,538-SE
ABMI Ecosystem Health 2016,539-NE
ABMI Ecosystem Health 2016,539-NW
ABMI Ecosystem Health 2016,539-SE
ABMI Ecosystem Health 2016,539-SW
ABMI Ecosystem Health 2016,559-NE
ABMI Ecosystem Health 2016,559-NW
ABMI Ecosystem Health 2016,559-SE
ABMI Ecosystem Health 2016,559-SW
ABMI Ecosystem Health 2016,560-NE
ABMI Ecosystem Health 2016,560-NW
ABMI Ecosystem Health 2016,560-SE
ABMI Ecosystem Health 2016,560-SW
ABMI Ecosystem Health 2016,561-NE
ABMI Ecosystem Health 2016,561-NW
ABMI Ecosystem Health 2016,561-SE
ABMI Ecosystem Health 2016,561-SW
ABMI Ecosystem Health 2016,568-NE
ABMI Ecosystem Health 2016,568-NW
ABMI Ecosystem Health 2016,568-SE
ABMI Ecosystem Health 2016,568-SW
ABMI Ecosystem Health 2016,569-NE
ABMI Ecosystem Health 2016,569-NW
ABMI Ecosystem Health 2016,569-SW
ABMI Ecosystem Health 2016,570-NE
ABMI Ecosystem Health 2016,570-NW
ABMI Ecosystem Health 2016,570-SE
ABMI Ecosystem Health 2016,570-SW
ABMI Ecosystem Health 2016,584-NE
ABMI Ecosystem Health 2016,584-NW
ABMI Ecosystem Health 2016,584-SE
ABMI Ecosystem Health 2016,584-SW
ABMI Ecosystem Health 2016,585-NE
ABMI Ecosystem Health 2016,585-NW
ABMI Ecosystem Health 2016,585-SE
ABMI Ecosystem Health 2016,585-SW
ABMI Ecosystem Health 2016,586-NE
ABMI Ecosystem Health 2016,586-NW
ABMI Ecosystem Health 2016,586-SE
ABMI Ecosystem Health 2016,586-SW
ABMI Ecosystem Health 2016,593-NE
ABMI Ecosystem Health 2016,593-NW
ABMI Ecosystem Health 2016,593-SE
ABMI Ecosystem Health 2016,593-SW
ABMI Ecosystem Health 2016,594-NE
ABMI Ecosystem Health 2016,594-NW
ABMI Ecosystem Health 2016,594-SE
ABMI Ecosystem Health 2016,594-SW
ABMI Ecosystem Health 2016,595-NE
ABMI Ecosystem Health 2016,595-NW
ABMI Ecosystem Health 2016,595-SE
ABMI Ecosystem Health 2016,595-SW
ABMI Ecosystem Health 2016,608-NE
ABMI Ecosystem Health 2016,608-NW
ABMI Ecosystem Health 2016,608-SE
ABMI Ecosystem Health 2016,608-SW
ABMI Ecosystem Health 2016,616-NE
ABMI Ecosystem Health 2016,616-NW
ABMI Ecosystem Health 2016,616-SE
ABMI Ecosystem Health 2016,616-SW
ABMI Ecosystem Health 2016,617-NE
ABMI Ecosystem Health 2016,617-NW
ABMI Ecosystem Health 2016,617-SE
ABMI Ecosystem Health 2016,617-SW
ABMI Ecosystem Health 2016,618-NE
ABMI Ecosystem Health 2016,618-NW
ABMI Ecosystem Health 2016,618-SE
ABMI Ecosystem Health 2016,618-SW
ABMI Ecosystem Health 2016,625-NE
ABMI Ecosystem Health 2016,625-NW
ABMI Ecosystem Health 2016,625-SE
ABMI Ecosystem Health 2016,625-SW
ABMI Ecosystem Health 2016,626-NE
ABMI Ecosystem Health 2016,626-NW
ABMI Ecosystem Health 2016,626-SE
ABMI Ecosystem Health 2016,626-SW
ABMI Ecosystem Health 2016,627-NE
ABMI Ecosystem Health 2016,627-NW
ABMI Ecosystem Health 2016,627-SE
ABMI Ecosystem Health 2016,627-SW
ABMI Ecosystem Health 2016,640-NE
ABMI Ecosystem Health 2016,640-NW
ABMI Ecosystem Health 2016,640-SE
ABMI Ecosystem Health 2016,640-SW
ABMI Ecosystem Health 2016,648-NE
ABMI Ecosystem Health 2016,648-NW
ABMI Ecosystem Health 2016,648-SE
ABMI Ecosystem Health 2016,649-NE
ABMI Ecosystem Health 2016,649-NW
ABMI Ecosystem Health 2016,649-SE
ABMI Ecosystem Health 2016,649-SW
ABMI Ecosystem Health 2016,650-NE
ABMI Ecosystem Health 2016,650-NW
ABMI Ecosystem Health 2016,650-SE
ABMI Ecosystem Health 2016,657-NE
ABMI Ecosystem Health 2016,657-NW
ABMI Ecosystem Health 2016,657-SE
ABMI Ecosystem Health 2016,657-SW
ABMI Ecosystem Health 2016,658-NE
ABMI Ecosystem Health 2016,658-NW
ABMI Ecosystem Health 2016,658-SE
ABMI Ecosystem Health 2016,658-SW
ABMI Ecosystem Health 2016,659-NE
ABMI Ecosystem Health 2016,659-NW
ABMI Ecosystem Health 2016,659-SE
ABMI Ecosystem Health 2016,659-SW
ABMI Ecosystem Health 2016,672-NE
ABMI Ecosystem Health 2016,672-NW
ABMI Ecosystem Health 2016,672-SE
ABMI Ecosystem Health 2016,672-SW
ABMI Ecosystem Health 2016,697-NE
ABMI Ecosystem Health 2016,697-NW
ABMI Ecosystem Health 2016,697-SE
ABMI Ecosystem Health 2016,697-SW
ABMI Ecosystem Health 2016,698-NE
ABMI Ecosystem Health 2016,698-NW
ABMI Ecosystem Health 2016,698-SE
ABMI Ecosystem Health 2016,698-SW
ABMI Ecosystem Health 2016,699-NE
ABMI Ecosystem Health 2016,699-NW
ABMI Ecosystem Health 2016,699-SE
ABMI Ecosystem Health 2016,699-SW
ABMI Ecosystem Health 2016,728-NE
ABMI Ecosystem Health 2016,728-NW
ABMI Ecosystem Health 2016,728-SE
ABMI Ecosystem Health 2016,728-SW
ABMI Ecosystem Health 2016,729-NE
ABMI Ecosystem Health 2016,729-NW
ABMI Ecosystem Health 2016,729-SE
ABMI Ecosystem Health 2016,729-SW
ABMI Ecosystem Health 2016,730-NE
ABMI Ecosystem Health 2016,730-NW
ABMI Ecosystem Health 2016,730-SE
ABMI Ecosystem Health 2016,730-SW
ABMI Ecosystem Health 2016,759-NE
ABMI Ecosystem Health 2016,759-NW
ABMI Ecosystem Health 2016,759-SE
ABMI Ecosystem Health 2016,759-SW
ABMI Ecosystem Health 2016,760-NE
ABMI Ecosystem Health 2016,760-NW
ABMI Ecosystem Health 2016,760-SE
ABMI Ecosystem Health 2016,760-SW
ABMI Ecosystem Health 2016,761-NE
ABMI Ecosystem Health 2016,761-NW
ABMI Ecosystem Health 2016,761-SE
ABMI Ecosystem Health 2016,761-SW
ABMI Ecosystem Health 2016,924-NE
ABMI Ecosystem Health 2016,924-NW
ABMI Ecosystem Health 2016,924-SE
ABMI Ecosystem Health 2016,924-SW
ABMI Ecosystem Health 2016,1284-NE
ABMI Ecosystem Health 2016,1284-NW
ABMI Ecosystem Health 2016,1284-SE
ABMI Ecosystem Health 2016,1284-SW
ABMI Ecosystem Health 2016,1285-NE
ABMI Ecosystem Health 2016,1285-NW
ABMI Ecosystem Health 2016,1285-SE
ABMI Ecosystem Health 2016,1285-SW
ABMI Ecosystem Health 2016,1312-NE
ABMI Ecosystem Health 2016,1312-NW
ABMI Ecosystem Health 2016,1312-SE
ABMI Ecosystem Health 2016,1312-SW
ABMI Ecosystem Health 2016,1313-NE
ABMI Ecosystem Health 2016,1313-NW
ABMI Ecosystem Health 2016,1313-SE
ABMI Ecosystem Health 2016,1313-SW
ABMI Ecosystem Health 2016,1314-NE
ABMI Ecosystem Health 2016,1314-NW
ABMI Ecosystem Health 2016,1314-SE
ABMI Ecosystem Health 2016,1314-SW
ABMI Ecosystem Health 2016,1341-NE
ABMI Ecosystem Health 2016,1341-NW
ABMI Ecosystem Health 2016,1341-SE
ABMI Ecosystem Health 2016,1341-SW
ABMI Ecosystem Health 2016,1342-NE
ABMI Ecosystem Health 2016,1342-NW
ABMI Ecosystem Health 2016,1342-SE
ABMI Ecosystem Health 2016,1342-SW
ABMI Ecosystem Health 2016,1343-NE
ABMI Ecosystem Health 2016,1343-SE
ABMI Ecosystem Health 2016,1343-SW
ABMI Ecosystem Health 2016,1362-NE
ABMI Ecosystem Health 2016,1362-NW
ABMI Ecosystem Health 2016,1362-SE
ABMI Ecosystem Health 2016,1362-SW
ABMI Ecosystem Health 2016,1363-NE
ABMI Ecosystem Health 2016,1363-NW
ABMI Ecosystem Health 2016,1363-SE
ABMI Ecosystem Health 2016,1363-SW
ABMI Ecosystem Health 2016,1364-NE
ABMI Ecosystem Health 2016,1364-NW
ABMI Ecosystem Health 2016,1364-SE
ABMI Ecosystem Health 2016,1364-SW
ABMI Ecosystem Health 2016,1387-NE
ABMI Ecosystem Health 2016,1387-NW
ABMI Ecosystem Health 2016,1387-SE
ABMI Ecosystem Health 2016,1387-SW
ABMI Ecosystem Health 2016,1388B-NE
ABMI Ecosystem Health 2016,1388B-NW
ABMI Ecosystem Health 2016,1388B-SE
ABMI Ecosystem Health 2016,1388B-SW
ABMI Ecosystem Health 2016,1389-NE
ABMI Ecosystem Health 2016,1389-NW
ABMI Ecosystem Health 2016,1389-SE
ABMI Ecosystem Health 2016,1389-SW
ABMI Ecosystem Health 2016,1411-NE
ABMI Ecosystem Health 2016,1411-NW
ABMI Ecosystem Health 2016,1411-SE
ABMI Ecosystem Health 2016,1411-SW
ABMI Ecosystem Health 2016,1412-NE
ABMI Ecosystem Health 2016,1412-NW
ABMI Ecosystem Health 2016,1412-SE
ABMI Ecosystem Health 2016,1412-SW
ABMI Ecosystem Health 2016,1413-NE
ABMI Ecosystem Health 2016,1413-NW
ABMI Ecosystem Health 2016,1413-SE
ABMI Ecosystem Health 2016,1413-SW
ABMI Ecosystem Health 2016,1428-NE
ABMI Ecosystem Health 2016,1428-NW
ABMI Ecosystem Health 2016,1428-SE
ABMI Ecosystem Health 2016,1428-SW
ABMI Ecosystem Health 2016,1429-NE
ABMI Ecosystem Health 2016,1429-NW
ABMI Ecosystem Health 2016,1429-SE
ABMI Ecosystem Health 2016,1429-SW
ABMI Ecosystem Health 2016,1430-NE
ABMI Ecosystem Health 2016,1430-NW
ABMI Ecosystem Health 2016,1430-SE
ABMI Ecosystem Health 2016,1430-SW
ABMI Ecosystem Health 2016,1443-NE
ABMI Ecosystem Health 2016,1443-NW
ABMI Ecosystem Health 2016,1443-SE
ABMI Ecosystem Health 2016,1443-SW
ABMI Ecosystem Health 2016,1450-NE
ABMI Ecosystem Health 2016,1450-NW
ABMI Ecosystem Health 2016,1450-SE
ABMI Ecosystem Health 2016,1450-SW
ABMI Ecosystem Health 2016,1451-NE
ABMI Ecosystem Health 2016,1451-NW
ABMI Ecosystem Health 2016,1451-SE
ABMI Ecosystem Health 2016,1451-SW
ABMI Ecosystem Health 2016,1452B-NE
ABMI Ecosystem Health 2016,1452B-NW
ABMI Ecosystem Health 2016,1452B-SE
ABMI Ecosystem Health 2016,1452B-SW
ABMI Ecosystem Health 2016,1465-NE
ABMI Ecosystem Health 2016,1465-NW
ABMI Ecosystem Health 2016,1465-SE
ABMI Ecosystem Health 2016,1465-SW
ABMI Ecosystem Health 2016,1471-NE
ABMI Ecosystem Health 2016,1471-NW
ABMI Ecosystem Health 2016,1471-SE
ABMI Ecosystem Health 2016,1471-SW
ABMI Ecosystem Health 2016,1472-NE
ABMI Ecosystem Health 2016,1472-SE
ABMI Ecosystem Health 2016,1472-SW
ABMI Ecosystem Health 2016,1473-NE
ABMI Ecosystem Health 2016,1473-NW
ABMI Ecosystem Health 2016,1473-SE
ABMI Ecosystem Health 2016,1473-SW
ABMI Ecosystem Health 2016,1486-NE
ABMI Ecosystem Health 2016,1486-NW
ABMI Ecosystem Health 2016,1486-SE
ABMI Ecosystem Health 2016,1486-SW
ABMI Ecosystem Health 2016,1500-NE
ABMI Ecosystem Health 2016,1500-NW
ABMI Ecosystem Health 2016,1500-SE
ABMI Ecosystem Health 2016,1500-SW
ABMI Ecosystem Health 2016,1501-NE
ABMI Ecosystem Health 2016,1501-SE
ABMI Ecosystem Health 2016,1502-NE
ABMI Ecosystem Health 2016,1502-NW
ABMI Ecosystem Health 2016,1502-SE
ABMI Ecosystem Health 2016,1502-SW
ABMI Ecosystem Health 2016,1519-NE
ABMI Ecosystem Health 2016,1519-NW
ABMI Ecosystem Health 2016,1519-SE
ABMI Ecosystem Health 2016,1519-SW
ABMI Ecosystem Health 2016,1520-NE
ABMI Ecosystem Health 2016,1520-NW
ABMI Ecosystem Health 2016,1520-SE
ABMI Ecosystem Health 2016,1520-SW
ABMI Ecosystem Health 2016,1521-NE
ABMI Ecosystem Health 2016,1521-NW
ABMI Ecosystem Health 2016,1521-SE
ABMI Ecosystem Health 2016,1521-SW
ABMI Ecosystem Health 2016,1538-NE
ABMI Ecosystem Health 2016,1538-NW
ABMI Ecosystem Health 2016,1538-SE
ABMI Ecosystem Health 2016,1538-SW
ABMI Ecosystem Health 2016,1539-NE
ABMI Ecosystem Health 2016,1539-NW
ABMI Ecosystem Health 2016,1539-SE
ABMI Ecosystem Health 2016,1539-SW
ABMI Ecosystem Health 2016,1540-NE
ABMI Ecosystem Health 2016,1540-NW
ABMI Ecosystem Health 2016,1540-SE
ABMI Ecosystem Health 2016,1540-SW
ABMI Ecosystem Health 2016,1550-NW
ABMI Ecosystem Health 2016,1550-SE
ABMI Ecosystem Health 2016,1550-SW
ABMI Ecosystem Health 2016,1551-NE
ABMI Ecosystem Health 2016,1551-NW
ABMI Ecosystem Health 2016,1551-SE
ABMI Ecosystem Health 2016,1551-SW
ABMI Ecosystem Health 2016,1552-NE
ABMI Ecosystem Health 2016,1552-NW
ABMI Ecosystem Health 2016,1552-SE
ABMI Ecosystem Health 2016,1552-SW
ABMI Ecosystem Health 2016,1567-NE
ABMI Ecosystem Health 2016,1567-NW
ABMI Ecosystem Health 2016,1567-SE
ABMI Ecosystem Health 2016,1567-SW
ABMI Ecosystem Health 2016,1568-NE
ABMI Ecosystem Health 2016,1568-NW
ABMI Ecosystem Health 2016,1568-SE
ABMI Ecosystem Health 2016,1568-SW
ABMI Ecosystem Health 2016,1569-NE
ABMI Ecosystem Health 2016,1569-NW
ABMI Ecosystem Health 2016,1569-SE
ABMI Ecosystem Health 2016,1569-SW
ABMI Ecosystem Health 2016,1584-NE
ABMI Ecosystem Health 2016,1584-NW
ABMI Ecosystem Health 2016,1584-SE
ABMI Ecosystem Health 2016,1584-SW
ABMI Ecosystem Health 2016,1585-NE
ABMI Ecosystem Health 2016,1585-NW
ABMI Ecosystem Health 2016,1585-SE
ABMI Ecosystem Health 2016,1585-SW
ABMI Ecosystem Health 2016,1586-NE
ABMI Ecosystem Health 2016,1586-NW
ABMI Ecosystem Health 2016,1586-SE
ABMI Ecosystem Health 2016,1586-SW
ABMI Ecosystem Health 2016,1595-NE
ABMI Ecosystem Health 2016,1595-NW
ABMI Ecosystem Health 2016,1595-SE
ABMI Ecosystem Health 2016,1595-SW
ABMI Ecosystem Health 2016,1610-NE
ABMI Ecosystem Health 2016,1610-NW
ABMI Ecosystem Health 2016,1610-SE
ABMI Ecosystem Health 2016,1610-SW
ABMI Ecosystem Health 2016,1611-NE
ABMI Ecosystem Health 2016,1611-NW
ABMI Ecosystem Health 2016,1611-SE
ABMI Ecosystem Health 2016,1611-SW
ABMI Ecosystem Health 2016,1612B-NE
ABMI Ecosystem Health 2016,1612B-NW
ABMI Ecosystem Health 2016,1612B-SE
ABMI Ecosystem Health 2016,1612B-SW
ABMI Ecosystem Health 2016,1627B-NE
ABMI Ecosystem Health 2016,1627B-NW
ABMI Ecosystem Health 2016,1627B-SE
ABMI Ecosystem Health 2016,1627B-SW
ABMI Ecosystem Health 2016,1628-NE
ABMI Ecosystem Health 2016,1628-NW
ABMI Ecosystem Health 2016,1628-SE
ABMI Ecosystem Health 2016,1628-SW
ABMI Ecosystem Health 2016,1629-NE
ABMI Ecosystem Health 2016,1629-NW
ABMI Ecosystem Health 2016,1629-SE
ABMI Ecosystem Health 2016,1629-SW
ABMI Ecosystem Health 2016,1644-NW
ABMI Ecosystem Health 2016,1644-SE
ABMI Ecosystem Health 2016,1644-SW
ABMI Ecosystem Health 2016,1645-NE
ABMI Ecosystem Health 2016,1645-NW
ABMI Ecosystem Health 2016,1645-SE
ABMI Ecosystem Health 2016,1645-SW
ABMI Ecosystem Health 2016,1651-NE
ABMI Ecosystem Health 2016,1651-NW
ABMI Ecosystem Health 2016,1651-SE
ABMI Ecosystem Health 2016,1651-SW
ABMI Ecosystem Health 2016,1652-NE
ABMI Ecosystem Health 2016,1652-NW
ABMI Ecosystem Health 2016,1652-SE
ABMI Ecosystem Health 2016,1652-SW
ABMI Ecosystem Health 2016,1653-NE
ABMI Ecosystem Health 2016,1653-NW
ABMI Ecosystem Health 2016,1653-SE
ABMI Ecosystem Health 2016,1653-SW
ABMI Ecosystem Health 2016,925-NE
ABMI Ecosystem Health 2016,925-NW
ABMI Ecosystem Health 2016,925-SE
ABMI Ecosystem Health 2016,925-SW
ABMI Ecosystem Health 2016,956-NE
ABMI Ecosystem Health 2016,956-NW
ABMI Ecosystem Health 2016,956-SE
ABMI Ecosystem Health 2016,956-SW
ABMI Ecosystem Health 2016,957-NE
ABMI Ecosystem Health 2016,957-NW
ABMI Ecosystem Health 2016,957-SE
ABMI Ecosystem Health 2016,957-SW
ABMI Ecosystem Health 2016,958-NE
ABMI Ecosystem Health 2016,958-NW
ABMI Ecosystem Health 2016,958-SE
ABMI Ecosystem Health 2016,958-SW
ABMI Ecosystem Health 2016,1343-NW
ABMI Ecosystem Health 2016,1550-NE
ABMI Ecosystem Health 2016,508-SE
ABMI Ecosystem Health 2016,1644-NE
ABMI Ecosystem Health 2016,1411-NE-B
ABMI Ecosystem Health 2016,890-NW-B
ABMI Ecosystem Health 2016,1411-SW-B
ABMI Ecosystem Health 2016,1411-SE-B
ABMI Ecosystem Health 2016,1411-NW-B
ABMI Ecosystem Health 2016,64-NE
ABMI Ecosystem Health 2016,121-NE
ABMI Ecosystem Health 2016,64-NW
ABMI Ecosystem Health 2016,121-NW
ABMI Ecosystem Health 2016,64-SE
ABMI Ecosystem Health 2016,121-SE
ABMI Ecosystem Health 2016,64-SW
ABMI Ecosystem Health 2016,121-SW
ABMI Ecosystem Health 2016,93-NW
ABMI Ecosystem Health 2016,93-SE
ABMI Ecosystem Health 2016,93-SW
ABMI Ecosystem Health 2017,1579-NE
ABMI Ecosystem Health 2017,1579-SW
ABMI Ecosystem Health 2017,1597-NE
ABMI Ecosystem Health 2017,1597-SW
ABMI Ecosystem Health 2017,858-NE
ABMI Ecosystem Health 2017,858-NW
ABMI Ecosystem Health 2017,858-SE
ABMI Ecosystem Health 2017,858-SW
ABMI Ecosystem Health 2017,4-NE
ABMI Ecosystem Health 2017,859-NE
ABMI Ecosystem Health 2017,4-NW
ABMI Ecosystem Health 2017,859-NW
ABMI Ecosystem Health 2017,4-SE
ABMI Ecosystem Health 2017,859-SE
ABMI Ecosystem Health 2017,4-SW
ABMI Ecosystem Health 2017,859-SW
ABMI Ecosystem Health 2017,5-NE
ABMI Ecosystem Health 2017,860-NE
ABMI Ecosystem Health 2017,5-NW
ABMI Ecosystem Health 2017,860-NW
ABMI Ecosystem Health 2017,5-SE
ABMI Ecosystem Health 2017,860-SE
ABMI Ecosystem Health 2017,5-SW
ABMI Ecosystem Health 2017,860-SW
ABMI Ecosystem Health 2017,6-NE
ABMI Ecosystem Health 2017,6-NW
ABMI Ecosystem Health 2017,6-SW
ABMI Ecosystem Health 2017,16-NE
ABMI Ecosystem Health 2017,16-NW
ABMI Ecosystem Health 2017,16-SE
ABMI Ecosystem Health 2017,16-SW
ABMI Ecosystem Health 2017,17-NE
ABMI Ecosystem Health 2017,17-NW
ABMI Ecosystem Health 2017,17-SE
ABMI Ecosystem Health 2017,17-SW
ABMI Ecosystem Health 2017,18-NE
ABMI Ecosystem Health 2017,18-NW
ABMI Ecosystem Health 2017,18-SE
ABMI Ecosystem Health 2017,18-SW
ABMI Ecosystem Health 2017,36-NE
ABMI Ecosystem Health 2017,36-NW
ABMI Ecosystem Health 2017,36-SE
ABMI Ecosystem Health 2017,36-SW
ABMI Ecosystem Health 2017,37-NE
ABMI Ecosystem Health 2017,37-NW
ABMI Ecosystem Health 2017,37-SE
ABMI Ecosystem Health 2017,37-SW
ABMI Ecosystem Health 2017,182-NE
ABMI Ecosystem Health 2017,182-NW
ABMI Ecosystem Health 2017,182-SE
ABMI Ecosystem Health 2017,182-SW
ABMI Ecosystem Health 2017,183-NE
ABMI Ecosystem Health 2017,183-NW
ABMI Ecosystem Health 2017,183-SE
ABMI Ecosystem Health 2017,183-SW
ABMI Ecosystem Health 2017,210-NE
ABMI Ecosystem Health 2017,210-NW
ABMI Ecosystem Health 2017,210-SE
ABMI Ecosystem Health 2017,210-SW
ABMI Ecosystem Health 2017,211-NE
ABMI Ecosystem Health 2017,211-NW
ABMI Ecosystem Health 2017,211-SE
ABMI Ecosystem Health 2017,211-SW
ABMI Ecosystem Health 2017,212-NE
ABMI Ecosystem Health 2017,212-NW
ABMI Ecosystem Health 2017,212-SE
ABMI Ecosystem Health 2017,212-SW
ABMI Ecosystem Health 2017,318-NE
ABMI Ecosystem Health 2017,318-NW
ABMI Ecosystem Health 2017,318-SE
ABMI Ecosystem Health 2017,318-SW
ABMI Ecosystem Health 2017,332-NE
ABMI Ecosystem Health 2017,332-NW
ABMI Ecosystem Health 2017,332-SE
ABMI Ecosystem Health 2017,332-SW
ABMI Ecosystem Health 2017,346-NE
ABMI Ecosystem Health 2017,346-NW
ABMI Ecosystem Health 2017,346-SE
ABMI Ecosystem Health 2017,361-NE
ABMI Ecosystem Health 2017,361-NW
ABMI Ecosystem Health 2017,361-SE
ABMI Ecosystem Health 2017,361-SW
ABMI Ecosystem Health 2017,362-NE
ABMI Ecosystem Health 2017,362-NW
ABMI Ecosystem Health 2017,362-SW
ABMI Ecosystem Health 2017,376-NE
ABMI Ecosystem Health 2017,376-NW
ABMI Ecosystem Health 2017,376-SE
ABMI Ecosystem Health 2017,376-SW
ABMI Ecosystem Health 2017,377-NE
ABMI Ecosystem Health 2017,377-NW
ABMI Ecosystem Health 2017,377-SE
ABMI Ecosystem Health 2017,377-SW
ABMI Ecosystem Health 2017,378-NE
ABMI Ecosystem Health 2017,378-NW
ABMI Ecosystem Health 2017,378-SE
ABMI Ecosystem Health 2017,378-SW
ABMI Ecosystem Health 2017,391-NE
ABMI Ecosystem Health 2017,391-NW
ABMI Ecosystem Health 2017,391-SE
ABMI Ecosystem Health 2017,391-SW
ABMI Ecosystem Health 2017,392-NE
ABMI Ecosystem Health 2017,392-NW
ABMI Ecosystem Health 2017,392-SE
ABMI Ecosystem Health 2017,392-SW
ABMI Ecosystem Health 2017,415-NE
ABMI Ecosystem Health 2017,415-NW
ABMI Ecosystem Health 2017,415-SE
ABMI Ecosystem Health 2017,415-SW
ABMI Ecosystem Health 2017,416-NE
ABMI Ecosystem Health 2017,416-NW
ABMI Ecosystem Health 2017,416-SE
ABMI Ecosystem Health 2017,416-SW
ABMI Ecosystem Health 2017,417-NE
ABMI Ecosystem Health 2017,417-NW
ABMI Ecosystem Health 2017,417-SE
ABMI Ecosystem Health 2017,417-SW
ABMI Ecosystem Health 2017,445-NE
ABMI Ecosystem Health 2017,445-NW
ABMI Ecosystem Health 2017,445-SE
ABMI Ecosystem Health 2017,445-SW
ABMI Ecosystem Health 2017,446-NE
ABMI Ecosystem Health 2017,446-NW
ABMI Ecosystem Health 2017,446-SE
ABMI Ecosystem Health 2017,446-SW
ABMI Ecosystem Health 2017,447-NE
ABMI Ecosystem Health 2017,447-NW
ABMI Ecosystem Health 2017,447-SE
ABMI Ecosystem Health 2017,447-SW
ABMI Ecosystem Health 2017,451-SE
ABMI Ecosystem Health 2017,452-NE
ABMI Ecosystem Health 2017,475-NE
ABMI Ecosystem Health 2017,475-NW
ABMI Ecosystem Health 2017,475-SE
ABMI Ecosystem Health 2017,475-SW
ABMI Ecosystem Health 2017,476-NE
ABMI Ecosystem Health 2017,476-NW
ABMI Ecosystem Health 2017,476-SE
ABMI Ecosystem Health 2017,476-SW
ABMI Ecosystem Health 2017,477-NE
ABMI Ecosystem Health 2017,477-NW
ABMI Ecosystem Health 2017,477-SE
ABMI Ecosystem Health 2017,477-SW
ABMI Ecosystem Health 2017,481-NW
ABMI Ecosystem Health 2017,481-SE
ABMI Ecosystem Health 2017,481-SW
ABMI Ecosystem Health 2017,482-SW
ABMI Ecosystem Health 2017,483-NE
ABMI Ecosystem Health 2017,538-SW
ABMI Ecosystem Health 2017,555-NW
ABMI Ecosystem Health 2017,555-SE
ABMI Ecosystem Health 2017,555-SW
ABMI Ecosystem Health 2017,569-SE
ABMI Ecosystem Health 2017,587-NE
ABMI Ecosystem Health 2017,587-NW
ABMI Ecosystem Health 2017,587-SE
ABMI Ecosystem Health 2017,587-SW
ABMI Ecosystem Health 2017,588-NE
ABMI Ecosystem Health 2017,588-NW
ABMI Ecosystem Health 2017,588-SE
ABMI Ecosystem Health 2017,588-SW
ABMI Ecosystem Health 2017,589-NE
ABMI Ecosystem Health 2017,589-NW
ABMI Ecosystem Health 2017,589-SE
ABMI Ecosystem Health 2017,589-SW
ABMI Ecosystem Health 2017,602-NE
ABMI Ecosystem Health 2017,602-NW
ABMI Ecosystem Health 2017,602-SE
ABMI Ecosystem Health 2017,602-SW
ABMI Ecosystem Health 2017,603-NE
ABMI Ecosystem Health 2017,603-NW
ABMI Ecosystem Health 2017,603-SE
ABMI Ecosystem Health 2017,603-SW
ABMI Ecosystem Health 2017,604-NE
ABMI Ecosystem Health 2017,604-NW
ABMI Ecosystem Health 2017,604-SE
ABMI Ecosystem Health 2017,604-SW
ABMI Ecosystem Health 2017,619-NE
ABMI Ecosystem Health 2017,619-NW
ABMI Ecosystem Health 2017,619-SE
ABMI Ecosystem Health 2017,619-SW
ABMI Ecosystem Health 2017,621-NE
ABMI Ecosystem Health 2017,621-NW
ABMI Ecosystem Health 2017,621-SE
ABMI Ecosystem Health 2017,621-SW
ABMI Ecosystem Health 2017,634-NE
ABMI Ecosystem Health 2017,634-NW
ABMI Ecosystem Health 2017,634-SE
ABMI Ecosystem Health 2017,634-SW
ABMI Ecosystem Health 2017,635-NE
ABMI Ecosystem Health 2017,635-NW
ABMI Ecosystem Health 2017,635-SE
ABMI Ecosystem Health 2017,635-SW
ABMI Ecosystem Health 2017,636-NE
ABMI Ecosystem Health 2017,636-NW
ABMI Ecosystem Health 2017,636-SE
ABMI Ecosystem Health 2017,636-SW
ABMI Ecosystem Health 2017,651-NE
ABMI Ecosystem Health 2017,651-NW
ABMI Ecosystem Health 2017,651-SE
ABMI Ecosystem Health 2017,651-SW
ABMI Ecosystem Health 2017,653-NE
ABMI Ecosystem Health 2017,653-NW
ABMI Ecosystem Health 2017,653-SE
ABMI Ecosystem Health 2017,653-SW
ABMI Ecosystem Health 2017,666-NE
ABMI Ecosystem Health 2017,666-NW
ABMI Ecosystem Health 2017,666-SE
ABMI Ecosystem Health 2017,666-SW
ABMI Ecosystem Health 2017,667-NE
ABMI Ecosystem Health 2017,667-NW
ABMI Ecosystem Health 2017,667-SE
ABMI Ecosystem Health 2017,667-SW
ABMI Ecosystem Health 2017,668-NE
ABMI Ecosystem Health 2017,668-NW
ABMI Ecosystem Health 2017,668-SE
ABMI Ecosystem Health 2017,668-SW
ABMI Ecosystem Health 2017,691-NE
ABMI Ecosystem Health 2017,691-NW
ABMI Ecosystem Health 2017,691-SE
ABMI Ecosystem Health 2017,691-SW
ABMI Ecosystem Health 2017,692-NE
ABMI Ecosystem Health 2017,692-NW
ABMI Ecosystem Health 2017,692-SE
ABMI Ecosystem Health 2017,692-SW
ABMI Ecosystem Health 2017,693-NE
ABMI Ecosystem Health 2017,693-NW
ABMI Ecosystem Health 2017,693-SE
ABMI Ecosystem Health 2017,693-SW
ABMI Ecosystem Health 2017,722-NE
ABMI Ecosystem Health 2017,722-NW
ABMI Ecosystem Health 2017,722-SE
ABMI Ecosystem Health 2017,722-SW
ABMI Ecosystem Health 2017,723-NE
ABMI Ecosystem Health 2017,723-NW
ABMI Ecosystem Health 2017,723-SE
ABMI Ecosystem Health 2017,723-SW
ABMI Ecosystem Health 2017,724-NE
ABMI Ecosystem Health 2017,724-NW
ABMI Ecosystem Health 2017,724-SE
ABMI Ecosystem Health 2017,724-SW
ABMI Ecosystem Health 2017,753-NE
ABMI Ecosystem Health 2017,753-NW
ABMI Ecosystem Health 2017,753-SE
ABMI Ecosystem Health 2017,753-SW
ABMI Ecosystem Health 2017,754-NE
ABMI Ecosystem Health 2017,754-NW
ABMI Ecosystem Health 2017,754-SE
ABMI Ecosystem Health 2017,754-SW
ABMI Ecosystem Health 2017,755-NE
ABMI Ecosystem Health 2017,755-NW
ABMI Ecosystem Health 2017,755-SE
ABMI Ecosystem Health 2017,755-SW
ABMI Ecosystem Health 2017,826-NE
ABMI Ecosystem Health 2017,826-NW
ABMI Ecosystem Health 2017,826-SE
ABMI Ecosystem Health 2017,826-SW
ABMI Ecosystem Health 2017,827-NE
ABMI Ecosystem Health 2017,827-NW
ABMI Ecosystem Health 2017,827-SE
ABMI Ecosystem Health 2017,827-SW
ABMI Ecosystem Health 2017,828-NE
ABMI Ecosystem Health 2017,828-NW
ABMI Ecosystem Health 2017,828-SE
ABMI Ecosystem Health 2017,828-SW
ABMI Ecosystem Health 2017,992-NE
ABMI Ecosystem Health 2017,992-NW
ABMI Ecosystem Health 2017,992-SE
ABMI Ecosystem Health 2017,993-NE
ABMI Ecosystem Health 2017,993-NW
ABMI Ecosystem Health 2017,993-SE
ABMI Ecosystem Health 2017,993-SW
ABMI Ecosystem Health 2017,994-NE
ABMI Ecosystem Health 2017,994-NW
ABMI Ecosystem Health 2017,994-SE
ABMI Ecosystem Health 2017,994-SW
ABMI Ecosystem Health 2017,1025-NE
ABMI Ecosystem Health 2017,1025-NW
ABMI Ecosystem Health 2017,1025-SE
ABMI Ecosystem Health 2017,1026-NE
ABMI Ecosystem Health 2017,1026-NW
ABMI Ecosystem Health 2017,1026-SE
ABMI Ecosystem Health 2017,1026-SW
ABMI Ecosystem Health 2017,1027-NE
ABMI Ecosystem Health 2017,1027-SE
ABMI Ecosystem Health 2017,1027-SW
ABMI Ecosystem Health 2017,1059-NE
ABMI Ecosystem Health 2017,1059-NW
ABMI Ecosystem Health 2017,1059-SE
ABMI Ecosystem Health 2017,1059-SW
ABMI Ecosystem Health 2017,1060-NE
ABMI Ecosystem Health 2017,1060-NW
ABMI Ecosystem Health 2017,1060-SE
ABMI Ecosystem Health 2017,1060-SW
ABMI Ecosystem Health 2017,1061-NE
ABMI Ecosystem Health 2017,1061-NW
ABMI Ecosystem Health 2017,1061-SE
ABMI Ecosystem Health 2017,1061-SW
ABMI Ecosystem Health 2017,1086-NE
ABMI Ecosystem Health 2017,1086-NW
ABMI Ecosystem Health 2017,1086-SE
ABMI Ecosystem Health 2017,1086-SW
ABMI Ecosystem Health 2017,1088-NE
ABMI Ecosystem Health 2017,1088-NW
ABMI Ecosystem Health 2017,1088-SE
ABMI Ecosystem Health 2017,1088-SW
ABMI Ecosystem Health 2017,1119-NE
ABMI Ecosystem Health 2017,1119-NW
ABMI Ecosystem Health 2017,1119-SE
ABMI Ecosystem Health 2017,1119-SW
ABMI Ecosystem Health 2017,1120-NE
ABMI Ecosystem Health 2017,1120-NW
ABMI Ecosystem Health 2017,1120-SE
ABMI Ecosystem Health 2017,1120-SW
ABMI Ecosystem Health 2017,1121-NE
ABMI Ecosystem Health 2017,1121-NW
ABMI Ecosystem Health 2017,1121-SE
ABMI Ecosystem Health 2017,1121-SW
ABMI Ecosystem Health 2017,1151-NE
ABMI Ecosystem Health 2017,1151-NW
ABMI Ecosystem Health 2017,1151-SE
ABMI Ecosystem Health 2017,1152-NE
ABMI Ecosystem Health 2017,1152-NW
ABMI Ecosystem Health 2017,1152-SE
ABMI Ecosystem Health 2017,1152-SW
ABMI Ecosystem Health 2017,1153-NE
ABMI Ecosystem Health 2017,1153-NW
ABMI Ecosystem Health 2017,1153-SE
ABMI Ecosystem Health 2017,1153-SW
ABMI Ecosystem Health 2017,1178-NE
ABMI Ecosystem Health 2017,1178-NW
ABMI Ecosystem Health 2017,1178-SE
ABMI Ecosystem Health 2017,1178-SW
ABMI Ecosystem Health 2017,1179-NE
ABMI Ecosystem Health 2017,1179-NW
ABMI Ecosystem Health 2017,1179-SE
ABMI Ecosystem Health 2017,1179-SW
ABMI Ecosystem Health 2017,1180-NE
ABMI Ecosystem Health 2017,1180-NW
ABMI Ecosystem Health 2017,1180-SW
ABMI Ecosystem Health 2017,1193-NE
ABMI Ecosystem Health 2017,1193-NW
ABMI Ecosystem Health 2017,1193-SE
ABMI Ecosystem Health 2017,1193-SW
ABMI Ecosystem Health 2017,1194-NE
ABMI Ecosystem Health 2017,1194-NW
ABMI Ecosystem Health 2017,1194-SE
ABMI Ecosystem Health 2017,1194-SW
ABMI Ecosystem Health 2017,1210-NE
ABMI Ecosystem Health 2017,1210-NW
ABMI Ecosystem Health 2017,1210-SE
ABMI Ecosystem Health 2017,1210-SW
ABMI Ecosystem Health 2017,1211-NE
ABMI Ecosystem Health 2017,1211-NW
ABMI Ecosystem Health 2017,1211-SE
ABMI Ecosystem Health 2017,1211-SW
ABMI Ecosystem Health 2017,1212-NE
ABMI Ecosystem Health 2017,1212-NW
ABMI Ecosystem Health 2017,1212-SE
ABMI Ecosystem Health 2017,1212-SW
ABMI Ecosystem Health 2017,1225-NE
ABMI Ecosystem Health 2017,1225-NW
ABMI Ecosystem Health 2017,1225-SE
ABMI Ecosystem Health 2017,1225-SW
ABMI Ecosystem Health 2017,1226-NE
ABMI Ecosystem Health 2017,1226-NW
ABMI Ecosystem Health 2017,1226-SE
ABMI Ecosystem Health 2017,1226-SW
ABMI Ecosystem Health 2017,1240-NE
ABMI Ecosystem Health 2017,1240-NW
ABMI Ecosystem Health 2017,1240-SE
ABMI Ecosystem Health 2017,1240-SW
ABMI Ecosystem Health 2017,1241-NE
ABMI Ecosystem Health 2017,1241-NW
ABMI Ecosystem Health 2017,1241-SE
ABMI Ecosystem Health 2017,1241-SW
ABMI Ecosystem Health 2017,1242-NE
ABMI Ecosystem Health 2017,1242-NW
ABMI Ecosystem Health 2017,1242-SE
ABMI Ecosystem Health 2017,1242-SW
ABMI Ecosystem Health 2017,1255-NE
ABMI Ecosystem Health 2017,1255-NW
ABMI Ecosystem Health 2017,1255-SE
ABMI Ecosystem Health 2017,1255-SW
ABMI Ecosystem Health 2017,1256-NE
ABMI Ecosystem Health 2017,1256-NW
ABMI Ecosystem Health 2017,1256-SE
ABMI Ecosystem Health 2017,1256-SW
ABMI Ecosystem Health 2017,1263-NE
ABMI Ecosystem Health 2017,1263-NW
ABMI Ecosystem Health 2017,1263-SE
ABMI Ecosystem Health 2017,1263-SW
ABMI Ecosystem Health 2017,1264-NE
ABMI Ecosystem Health 2017,1264-NW
ABMI Ecosystem Health 2017,1264-SE
ABMI Ecosystem Health 2017,1264-SW
ABMI Ecosystem Health 2017,1265-NE
ABMI Ecosystem Health 2017,1265-NW
ABMI Ecosystem Health 2017,1265-SE
ABMI Ecosystem Health 2017,1265-SW
ABMI Ecosystem Health 2017,1278-NE
ABMI Ecosystem Health 2017,1278-NW
ABMI Ecosystem Health 2017,1278-SE
ABMI Ecosystem Health 2017,1278-SW
ABMI Ecosystem Health 2017,1279-NE
ABMI Ecosystem Health 2017,1279-NW
ABMI Ecosystem Health 2017,1279-SE
ABMI Ecosystem Health 2017,1279-SW
ABMI Ecosystem Health 2017,1280-NE
ABMI Ecosystem Health 2017,1280-NW
ABMI Ecosystem Health 2017,1280-SE
ABMI Ecosystem Health 2017,1280-SW
ABMI Ecosystem Health 2017,1291-NW
ABMI Ecosystem Health 2017,1292-NE
ABMI Ecosystem Health 2017,1292-NW
ABMI Ecosystem Health 2017,1292-SE
ABMI Ecosystem Health 2017,1292-SW
ABMI Ecosystem Health 2017,1293-NE
ABMI Ecosystem Health 2017,1293-NW
ABMI Ecosystem Health 2017,1293-SE
ABMI Ecosystem Health 2017,1293-SW
ABMI Ecosystem Health 2017,1306-NE
ABMI Ecosystem Health 2017,1306-NW
ABMI Ecosystem Health 2017,1306-SE
ABMI Ecosystem Health 2017,1306-SW
ABMI Ecosystem Health 2017,1307-NE
ABMI Ecosystem Health 2017,1307-NW
ABMI Ecosystem Health 2017,1307-SE
ABMI Ecosystem Health 2017,1307-SW
ABMI Ecosystem Health 2017,1308-NE
ABMI Ecosystem Health 2017,1308-NW
ABMI Ecosystem Health 2017,1308-SE
ABMI Ecosystem Health 2017,1308-SW
ABMI Ecosystem Health 2017,1321-NE
ABMI Ecosystem Health 2017,1321-NW
ABMI Ecosystem Health 2017,1321-SE
ABMI Ecosystem Health 2017,1321-SW
ABMI Ecosystem Health 2017,1322-NE
ABMI Ecosystem Health 2017,1322-NW
ABMI Ecosystem Health 2017,1322-SE
ABMI Ecosystem Health 2017,1322-SW
ABMI Ecosystem Health 2017,1335-NE
ABMI Ecosystem Health 2017,1335-NW
ABMI Ecosystem Health 2017,1335-SE
ABMI Ecosystem Health 2017,1335-SW
ABMI Ecosystem Health 2017,1336-NE
ABMI Ecosystem Health 2017,1336-NW
ABMI Ecosystem Health 2017,1336-SE
ABMI Ecosystem Health 2017,1336-SW
ABMI Ecosystem Health 2017,1337-NE
ABMI Ecosystem Health 2017,1337-NW
ABMI Ecosystem Health 2017,1337-SE
ABMI Ecosystem Health 2017,1337-SW
ABMI Ecosystem Health 2017,1356-NE
ABMI Ecosystem Health 2017,1356-NW
ABMI Ecosystem Health 2017,1356-SE
ABMI Ecosystem Health 2017,1356-SW
ABMI Ecosystem Health 2017,1357-NE
ABMI Ecosystem Health 2017,1357-NW
ABMI Ecosystem Health 2017,1357-SE
ABMI Ecosystem Health 2017,1357-SW
ABMI Ecosystem Health 2017,1358-NE
ABMI Ecosystem Health 2017,1358-NW
ABMI Ecosystem Health 2017,1358-SE
ABMI Ecosystem Health 2017,1358-SW
ABMI Ecosystem Health 2017,1381-NE
ABMI Ecosystem Health 2017,1381-NW
ABMI Ecosystem Health 2017,1381-SE
ABMI Ecosystem Health 2017,1381-SW
ABMI Ecosystem Health 2017,1382-NE
ABMI Ecosystem Health 2017,1382-NW
ABMI Ecosystem Health 2017,1382-SE
ABMI Ecosystem Health 2017,1382-SW
ABMI Ecosystem Health 2017,1383-NE
ABMI Ecosystem Health 2017,1383-NW
ABMI Ecosystem Health 2017,1383-SE
ABMI Ecosystem Health 2017,1383-SW
ABMI Ecosystem Health 2017,1406-NW
ABMI Ecosystem Health 2017,1406-SW
ABMI Ecosystem Health 2017,1407-NE
ABMI Ecosystem Health 2017,1407-NW
ABMI Ecosystem Health 2017,1407-SE
ABMI Ecosystem Health 2017,1407-SW
ABMI Ecosystem Health 2017,1420-NE
ABMI Ecosystem Health 2017,1420-NW
ABMI Ecosystem Health 2017,1420-SE
ABMI Ecosystem Health 2017,1420-SW
ABMI Ecosystem Health 2017,1424-NE
ABMI Ecosystem Health 2017,1424-NW
ABMI Ecosystem Health 2017,1424-SE
ABMI Ecosystem Health 2017,1424-SW
ABMI Ecosystem Health 2017,1425-NE
ABMI Ecosystem Health 2017,1425-NW
ABMI Ecosystem Health 2017,1425-SE
ABMI Ecosystem Health 2017,1425-SW
ABMI Ecosystem Health 2017,1426-NE
ABMI Ecosystem Health 2017,1426-NW
ABMI Ecosystem Health 2017,1426-SE
ABMI Ecosystem Health 2017,1426-SW
ABMI Ecosystem Health 2017,1427-NE
ABMI Ecosystem Health 2017,1427-NW
ABMI Ecosystem Health 2017,1427-SE
ABMI Ecosystem Health 2017,1427-SW
ABMI Ecosystem Health 2017,1437-NE
ABMI Ecosystem Health 2017,1437-NW
ABMI Ecosystem Health 2017,1437-SE
ABMI Ecosystem Health 2017,1437-SW
ABMI Ecosystem Health 2017,1438-NE
ABMI Ecosystem Health 2017,1438-NW
ABMI Ecosystem Health 2017,1438-SE
ABMI Ecosystem Health 2017,1438-SW
ABMI Ecosystem Health 2017,1439-NE
ABMI Ecosystem Health 2017,1439-NW
ABMI Ecosystem Health 2017,1447-NE
ABMI Ecosystem Health 2017,1447-NW
ABMI Ecosystem Health 2017,1447-SE
ABMI Ecosystem Health 2017,1448-NE
ABMI Ecosystem Health 2017,1448-NW
ABMI Ecosystem Health 2017,1448-SE
ABMI Ecosystem Health 2017,1448-SW
ABMI Ecosystem Health 2017,1459-NE
ABMI Ecosystem Health 2017,1459-NW
ABMI Ecosystem Health 2017,1459-SE
ABMI Ecosystem Health 2017,1459-SW
ABMI Ecosystem Health 2017,1460-NE
ABMI Ecosystem Health 2017,1460-NW
ABMI Ecosystem Health 2017,1460-SE
ABMI Ecosystem Health 2017,1460-SW
ABMI Ecosystem Health 2017,1461-NE
ABMI Ecosystem Health 2017,1461-NW
ABMI Ecosystem Health 2017,1461-SE
ABMI Ecosystem Health 2017,1461-SW
ABMI Ecosystem Health 2017,1466-NE
ABMI Ecosystem Health 2017,1466-NW
ABMI Ecosystem Health 2017,1466-SE
ABMI Ecosystem Health 2017,1466-SW
ABMI Ecosystem Health 2017,1467-NE
ABMI Ecosystem Health 2017,1467-NW
ABMI Ecosystem Health 2017,1467-SE
ABMI Ecosystem Health 2017,1467-SW
ABMI Ecosystem Health 2017,1470-NE
ABMI Ecosystem Health 2017,1470-NW
ABMI Ecosystem Health 2017,1470-SE
ABMI Ecosystem Health 2017,1470-SW
ABMI Ecosystem Health 2017,1480-NE
ABMI Ecosystem Health 2017,1480-NW
ABMI Ecosystem Health 2017,1480-SE
ABMI Ecosystem Health 2017,1480-SW
ABMI Ecosystem Health 2017,1481-NE
ABMI Ecosystem Health 2017,1481-NW
ABMI Ecosystem Health 2017,1481-SE
ABMI Ecosystem Health 2017,1481-SW
ABMI Ecosystem Health 2017,1482-NE
ABMI Ecosystem Health 2017,1482-NW
ABMI Ecosystem Health 2017,1482-SE
ABMI Ecosystem Health 2017,1482-SW
ABMI Ecosystem Health 2017,1494-NE
ABMI Ecosystem Health 2017,1494-NW
ABMI Ecosystem Health 2017,1494-SE
ABMI Ecosystem Health 2017,1494-SW
ABMI Ecosystem Health 2017,1496-NE
ABMI Ecosystem Health 2017,1496-NW
ABMI Ecosystem Health 2017,1496-SE
ABMI Ecosystem Health 2017,1496-SW
ABMI Ecosystem Health 2017,1513-NE
ABMI Ecosystem Health 2017,1513-NW
ABMI Ecosystem Health 2017,1513-SW
ABMI Ecosystem Health 2017,1514-NE
ABMI Ecosystem Health 2017,1514-NW
ABMI Ecosystem Health 2017,1514-SE
ABMI Ecosystem Health 2017,1514-SW
ABMI Ecosystem Health 2017,1515-NE
ABMI Ecosystem Health 2017,1515-NW
ABMI Ecosystem Health 2017,1515-SW
ABMI Ecosystem Health 2017,1532-NE
ABMI Ecosystem Health 2017,1532-NW
ABMI Ecosystem Health 2017,1532-SE
ABMI Ecosystem Health 2017,1532-SW
ABMI Ecosystem Health 2017,1533-NE
ABMI Ecosystem Health 2017,1533-NW
ABMI Ecosystem Health 2017,1533-SE
ABMI Ecosystem Health 2017,1533-SW
ABMI Ecosystem Health 2017,1534-NE
ABMI Ecosystem Health 2017,1534-NW
ABMI Ecosystem Health 2017,1534-SE
ABMI Ecosystem Health 2017,1534-SW
ABMI Ecosystem Health 2017,1546-NE
ABMI Ecosystem Health 2017,1546-NW
ABMI Ecosystem Health 2017,1546-SE
ABMI Ecosystem Health 2017,1546-SW
ABMI Ecosystem Health 2017,1559-NE
ABMI Ecosystem Health 2017,1559-NW
ABMI Ecosystem Health 2017,1559-SE
ABMI Ecosystem Health 2017,1559-SW
ABMI Ecosystem Health 2017,1560-NE
ABMI Ecosystem Health 2017,1560-NW
ABMI Ecosystem Health 2017,1560-SE
ABMI Ecosystem Health 2017,1560-SW
ABMI Ecosystem Health 2017,1576-NE
ABMI Ecosystem Health 2017,1576-NW
ABMI Ecosystem Health 2017,1576-SE
ABMI Ecosystem Health 2017,1576-SW
ABMI Ecosystem Health 2017,1578-NE
ABMI Ecosystem Health 2017,1578-NW
ABMI Ecosystem Health 2017,1578-SE
ABMI Ecosystem Health 2017,1578-SW
ABMI Ecosystem Health 2017,1579-NW
ABMI Ecosystem Health 2017,1579-SE
ABMI Ecosystem Health 2017,1593-NE
ABMI Ecosystem Health 2017,1593-NW
ABMI Ecosystem Health 2017,1593-SE
ABMI Ecosystem Health 2017,1593-SW
ABMI Ecosystem Health 2017,1594-NE
ABMI Ecosystem Health 2017,1594-NW
ABMI Ecosystem Health 2017,1594-SE
ABMI Ecosystem Health 2017,1594-SW
ABMI Ecosystem Health 2017,1597-NW
ABMI Ecosystem Health 2017,1597-SE
ABMI Ecosystem Health 2017,1604-NE
ABMI Ecosystem Health 2017,1604-NW
ABMI Ecosystem Health 2017,1604-SE
ABMI Ecosystem Health 2017,1604-SW
ABMI Ecosystem Health 2017,1605-NE
ABMI Ecosystem Health 2017,1605-NW
ABMI Ecosystem Health 2017,1605-SE
ABMI Ecosystem Health 2017,1605-SW
ABMI Ecosystem Health 2017,1606-NE
ABMI Ecosystem Health 2017,1606-NW
ABMI Ecosystem Health 2017,1606-SE
ABMI Ecosystem Health 2017,1606-SW
ABMI Ecosystem Health 2017,1621-NE
ABMI Ecosystem Health 2017,1621-NW
ABMI Ecosystem Health 2017,1621-SE
ABMI Ecosystem Health 2017,1621-SW
ABMI Ecosystem Health 2017,1622-NE
ABMI Ecosystem Health 2017,1622-NW
ABMI Ecosystem Health 2017,1622-SE
ABMI Ecosystem Health 2017,1622-SW
ABMI Ecosystem Health 2017,1623-NE
ABMI Ecosystem Health 2017,1623-NW
ABMI Ecosystem Health 2017,1623-SE
ABMI Ecosystem Health 2017,1623-SW
ABMI Ecosystem Health 2017,1638-NE
ABMI Ecosystem Health 2017,1638-NW
ABMI Ecosystem Health 2017,1638-SE
ABMI Ecosystem Health 2017,1639-NE
ABMI Ecosystem Health 2017,1639-NW
ABMI Ecosystem Health 2017,1639-SE
ABMI Ecosystem Health 2017,1639-SW
ABMI Ecosystem Health 2017,1640-NE
ABMI Ecosystem Health 2017,1640-NW
ABMI Ecosystem Health 2017,1640-SE
ABMI Ecosystem Health 2017,1640-SW
ABMI Ecosystem Health 2017,1647-NE
ABMI Ecosystem Health 2017,1647-NW
ABMI Ecosystem Health 2017,1647-SE
ABMI Ecosystem Health 2017,1647-SW
ABMI Ecosystem Health 2017,555-NE
ABMI Ecosystem Health 2017,6-SE
ABMI Ecosystem Health 2017,347-SE
ABMI Ecosystem Health 2017,347-NW
ABMI Ecosystem Health 2017,347-SW
ABMI Ecosystem Health 2017,347-NE
ABMI Ecosystem Health 2017,362-SE
ABMI Ecosystem Health 2017,1513-SE
ABMI Ecosystem Health 2017,652-NE
ABMI Ecosystem Health 2017,652-SW
ABMI Ecosystem Health 2017,652-NW
ABMI Ecosystem Health 2017,317-SW
ABMI Ecosystem Health 2017,317-NE
ABMI Ecosystem Health 2017,317-SE
ABMI Ecosystem Health 2017,317-NW
ABMI Ecosystem Health 2017,620-SE
ABMI Ecosystem Health 2017,620-NW
ABMI Ecosystem Health 2017,620-SW
ABMI Ecosystem Health 2017,620-NE
ABMI Ecosystem Health 2017,319-SW
ABMI Ecosystem Health 2017,319-NE
ABMI Ecosystem Health 2017,319-SE
ABMI Ecosystem Health 2017,319-NW
ABMI Ecosystem Health 2017,348-NE
ABMI Ecosystem Health 2017,348-SW
ABMI Ecosystem Health 2017,348-NW
ABMI Ecosystem Health 2017,1025-SW
ABMI Ecosystem Health 2017,1027-NW-B
ABMI Ecosystem Health 2017,1513-NW-B
ABMI Ecosystem Health 2017,1242-SE-B
ABMI Ecosystem Health 2017,1577B-SW
ABMI Ecosystem Health 2017,1577B-SE
ABMI Ecosystem Health 2017,1577B-NW
ABMI Ecosystem Health 2017,1577B-NE
ABMI Ecosystem Health 2017,1515-SE
ABMI Ecosystem Health 2017,1495B-SW
ABMI Ecosystem Health 2017,1495B-SE
ABMI Ecosystem Health 2017,1495B-NW
ABMI Ecosystem Health 2017,1495B-NE
ABMI Ecosystem Health 2017,992-SW
ABMI Ecosystem Health 2017,1405B-SW
ABMI Ecosystem Health 2017,1405B-SE
ABMI Ecosystem Health 2017,1405B-NW
ABMI Ecosystem Health 2017,1405B-NE
ABMI Ecosystem Health 2017,652-SE
ABMI Ecosystem Health 2017,348-SE
ABMI Ecosystem Health 2017,181-NE
ABMI Ecosystem Health 2017,154-NE
ABMI Ecosystem Health 2017,35-NE
ABMI Ecosystem Health 2017,181-NW
ABMI Ecosystem Health 2017,154-NW
ABMI Ecosystem Health 2017,35-NW
ABMI Ecosystem Health 2017,181-SE
ABMI Ecosystem Health 2017,154-SE
ABMI Ecosystem Health 2017,35-SE
ABMI Ecosystem Health 2017,181-SW
ABMI Ecosystem Health 2017,154-SW
ABMI Ecosystem Health 2017,35-SW
ABMI Ecosystem Health 2017,1027-NW
